{"cameraMode":{"drawMode":0,"name":"Shaded","section":"Shading Mode"},"sceneLighting":false,"audioPlay":false,"sceneViewState":{"m_AlwaysRefresh":false,"showFog":true,"showSkybox":false,"showFlares":true,"showImageEffects":true,"showParticleSystems":true,"showVisualEffectGraphs":true,"m_FxEnabled":true},"in2DMode":false,"pivot":{"x":0.00004340708255767822,"y":0.20799468457698823,"z":-0.03517496585845947},"rotation":{"x":-0.0681975856423378,"y":-0.17359556257724763,"z":0.012052370235323906,"w":-0.982385516166687},"size":0.3085494041442871,"orthographic":false}